{
  "weeks": [
    20,
    21,
    22,
    23,
    24,
    25,
    26,
    27,
    28,
    29,
    30,
    31,
    32,
    33,
    34,
    35,
    36,
    37,
    38,
    39,
    40,
    41,
    42,
    43,
    44,
    45,
    46
  ],
  "curves_by_age_parity": {
    "<20": {
      "primipara": [
        0.0012643775934940739,
        0.0014627963504269142,
        0.0013745122654611158,
        0.0012507624297065487,
        0.0016559424348454902,
        0.0018746807627840303,
        0.001794418022168621,
        0.0021760410502645947,
        0.0025037893774999837,
        0.0023039600131968103,
        0.0029144977016160927,
        0.00425898487687046,
        0.005227715380344735,
        0.005991426237877391,
        0.010679046353645312,
        0.016764817072191466,
        0.033102232077606354,
        0.10842637923272573,
        0.18407362076727424,
        0.32222705486796893,
        0.23667294513203108,
        0.049273786407767035,
        0.0025216119018364987,
        0.00011945661893579724,
        2.701450301392121e-05,
        2.7824976533565826e-05,
        3.0305591913229635e-05
      ],
      "multipara": [
        0.0014342920919859766,
        0.0009018495900361689,
        0.0008882625045301525,
        0.0009192275474650731,
        0.0012350616020550492,
        0.001233062949283804,
        0.0012820862422576213,
        0.001604052313683331,
        0.0016403611723611199,
        0.001655407368223579,
        0.002414407487290495,
        0.003264651266205658,
        0.003773435071665588,
        0.005327861460306445,
        0.009450716176897411,
        0.016209503015036642,
        0.043365762140715906,
        0.10636177211892649,
        0.18613822788107354,
        0.3882987806713121,
        0.17060121932868788,
        0.04927378640776704,
        0.0019427852082598257,
        0.00024568335601613813,
        0.0002012304620205787,
        0.0002134808624668017,
        0.00012303370346966865
      ]
    },
    "20-29": {
      "primipara": [
        0.0010772078255130667,
        0.0012462540335417705,
        0.0011710389176754642,
        0.0010656081569860138,
        0.0014108080992524207,
        0.0015971659086658973,
        0.001528784712468711,
        0.0018539148906498563,
        0.0021331456083669635,
        0.0019628976095869303,
        0.0024830554952691973,
        0.0036285140307084763,
        0.004453840329217099,
        0.005104496680924526,
        0.0090981937360767,
        0.01428306878924801,
        0.028202005175848886,
        0.10537282465901668,
        0.18142717534098327,
        0.33166164362897826,
        0.24553835637102173,
        0.05088466019417471,
        0.0026040492140119195,
        0.00012336193147792894,
        2.7897669458607064e-05,
        2.8734639227932362e-05,
        3.129635164885441e-05
      ],
      "multipara": [
        0.0011763452782822292,
        0.0007396586182740971,
        0.0007285150695019021,
        0.0007539112787202518,
        0.00101294491692655,
        0.0010113057070588274,
        0.0010515125237440862,
        0.0013155753809577025,
        0.0013453543602214685,
        0.0013576946091552865,
        0.0019801941762021547,
        0.0026775279064124376,
        0.0030948107113329755,
        0.0043696850224526134,
        0.007751074842562437,
        0.013294343907758466,
        0.03863954569043654,
        0.10267344155336508,
        0.18412655844663495,
        0.4010133995299927,
        0.17618660047000748,
        0.050884660194174744,
        0.002006299340068318,
        0.00025371531188589624,
        0.00020780915020202051,
        0.00022046004450898543,
        0.00012705595916002308
      ]
    },
    "30-39": {
      "primipara": [
        0.0011374162823461183,
        0.0013159110026097194,
        0.0012364918826974225,
        0.001125168272686326,
        0.0014896625009117304,
        0.0016864364211794229,
        0.0016142331897148361,
        0.001957535893043409,
        0.002252373673962201,
        0.0020726099911677312,
        0.0026218411001080588,
        0.0038313228343689752,
        0.004702779156852562,
        0.005389802692252022,
        0.009606719752916956,
        0.015081393411733321,
        0.029778301941449196,
        0.10703582461883114,
        0.18356417538116887,
        0.33920521981580015,
        0.2514947801841999,
        0.030132815533980523,
        0.0015420626630461625,
        7.305231696458352e-05,
        1.652040761235947e-05,
        1.7016043341680594e-05,
        1.8533035054628844e-05
      ],
      "multipara": [
        0.0012565472177565517,
        0.0007900877370283338,
        0.0007781844332414702,
        0.0008053121283357878,
        0.0010820063977842772,
        0.0010802554283736515,
        0.0011232035020161833,
        0.0014052698771447008,
        0.0014370791547712123,
        0.001450260748432943,
        0.002115201657763251,
        0.002860078841971495,
        0.0033058115339122634,
        0.0046676053866201465,
        0.008279534680724843,
        0.014200737791531987,
        0.04026282348259093,
        0.1037159171027233,
        0.18688408289727676,
        0.4157027397168151,
        0.17499726028318496,
        0.030132815533980523,
        0.0011880878773588904,
        0.00015024482156371483,
        0.0001230601671587382,
        0.00013055175820085146,
        7.523984173722024e-05
      ]
    },
    "40+": {
      "primipara": [
        0.0016387171294560876,
        0.0018958809841972022,
        0.0017814589610324195,
        0.0016210709751476185,
        0.00214621110603163,
        0.002429710471020297,
        0.002325684641568441,
        0.0028202933694940722,
        0.003245076915766025,
        0.002986084820416571,
        0.0037773821143098855,
        0.005519926569194427,
        0.00677546548260001,
        0.007765285351783119,
        0.013840751588782542,
        0.02172831363807839,
        0.0429026858811213,
        0.1259992101064961,
        0.21110078989350398,
        0.30156077933381237,
        0.21313922066618773,
        0.02179417475728147,
        0.001115328341196908,
        5.2836581452371637e-05,
        1.194872248692664e-05,
        1.230720115907714e-05,
        1.3404396423159206e-05
      ],
      "multipara": [
        0.0019134286823972472,
        0.001203119561507194,
        0.001184993602880874,
        0.001226302762733593,
        0.001647643675304271,
        0.001644977356804698,
        0.0017103772676079314,
        0.0021398986456221502,
        0.0021883367650312813,
        0.0022084092613415224,
        0.0032209593589681935,
        0.004355233780960895,
        0.005033980831122954,
        0.007107675619875695,
        0.012607802485358725,
        0.02162441539605101,
        0.05418244494643182,
        0.130314432862392,
        0.20678556713760807,
        0.36331510283648605,
        0.15138489716351408,
        0.02179417475728147,
        0.0008593088421149191,
        0.00010866763823790676,
        8.900578127833248e-05,
        9.442422762954651e-05,
        5.441875345773781e-05
      ]
    }
  },
  "metadata": {
    "note": "Parity\u00d7Age weekly distributions modeled for U.S. singleton births, 2022. Age totals from NVSR 73-01 Table 2. Parity modeled as \u00b12-day timing shift (nullipara later, multipara earlier) grounded in Smith 2001; category totals rebalanced to preserve age totals.",
    "sources": [
      "NVSR 73-01",
      "Smith 2001 (Human Reproduction)"
    ],
    "assumptions": {
      "shift_days_nullipara": 2.0,
      "shift_days_multipara": -2.0
    }
  }
}